Siglinde;Häring;kirstenmisicher@example.com;13.11.2011;d
Silvana;Reinhardt;mwagenknecht@example.org;18.05.2015;d
Mehmet;Mangold;hkraushaar@example.net;21.07.2017;d
Katharine;Reuter;inken41@example.com;12.11.2014;d
Silvester;Fliegner;ynerger@example.net;15.10.2011;m
Hans-Adolf;Oestrovsky;schenkcarmen@example.org;05.11.2012;m
Reinhard;Schleich;flantzoxana@example.net;11.12.2017;d
Mina;Bolzmann;koesterjiri@example.net;07.06.2011;f
Concetta;Budig;hethurreinhold@example.org;16.09.2014;d
Aysel;Weller;rolf67@example.com;26.11.2011;d
Martha;Gieß;susanna76@example.org;15.01.2013;f
Adelbert;Lorch;trubinaenne@example.org;23.07.2013;m
Radmila;Ruppersberger;ieimer@example.net;27.06.2013;f
Ekkehart;Lange;veberth@example.org;28.01.2018;d
Katy;Heinrich;soderwald@example.com;29.11.2008;f
Antonie;Drubin;francatroest@example.org;10.09.2018;m
Karoline;Förster;augustin08@example.net;20.02.2016;m
Gino;Martin;ulachmann@example.com;11.08.2007;d
Christos;Stoll;heckertim@example.net;08.08.2017;d
Rosel;Neureuther;alwinakuehnert@example.net;17.04.2014;f
Carsten;Hering;deborahholsten@example.net;22.08.2010;m
Ingeborg;Trubin;adolphmarleen@example.net;13.05.2013;f
Käte;Rosemann;hertrampfveit@example.com;27.06.2010;m
Lydia;Kambs;leonbien@example.org;01.07.2007;d
Marten;Neuschäfer;ute82@example.org;07.08.2006;d
Hülya;Pruschke;rebekkareichmann@example.net;20.03.2019;f
Valerij;Trommler;detlev14@example.org;24.07.2017;d
Violetta;Buchholz;peukertyilmaz@example.org;15.04.2011;f
Lene;Walter;fzimmer@example.org;29.12.2017;m
Belinda;Stey;huhnanke@example.com;24.04.2016;f
Natalie;Stumpf;rosinabudig@example.com;23.01.2007;d
Gerald;Gerlach;hildedrub@example.com;15.07.2011;f
Tim;Höfig;jorgebinner@example.com;25.06.2018;d
Natalja;Kranz;alexandre64@example.net;08.11.2008;m
Lilly;Nette;paffrathhagen@example.net;02.04.2012;m
Sebastian;Sager;oderwaldmatthias@example.org;02.02.2008;d
Erik;Höfig;laurenzklemt@example.com;26.04.2008;m
Severin;Kaul;barkholzhenriette@example.net;03.03.2011;d
Alice;Davids;artur12@example.org;23.05.2016;m
Cristina;Schenk;striebitzemine@example.org;03.07.2010;m
Kati;Preiß;schollstephanie@example.com;25.04.2011;f
Eugenia;Schottin;fliegnertobias@example.org;07.06.2009;d
Heinz-Willi;Fliegner;henrikjunk@example.org;09.06.2006;m
Leonore;Hölzenbecher;williberttextor@example.com;20.05.2017;d
Tibor;Hiller;roskothtelse@example.net;01.09.2012;m
Henner;Heinrich;freiaetzler@example.com;26.10.2009;d
Dino;Drub;ikraushaar@example.net;12.06.2011;f
Pawel;Adler;klaudia51@example.net;15.02.2007;m
Stephanie;Scheibe;schmidtramona@example.org;16.09.2009;d
Sabri;Koch;birte36@example.net;09.10.2006;d
Ralf-Dieter;Sontag;mherrmann@example.net;20.05.2007;m
Amalie;Nerger;niemeierercan@example.net;26.12.2015;f
Phillip;Steinberg;bekir19@example.org;29.05.2010;m
Blanka;Siering;michaele63@example.net;01.12.2015;d
Rigo;Loos;gabrielefreudenberger@example.org;30.11.2015;f
Volkhard;Löchel;kaethi07@example.org;11.08.2009;m
Gerhardt;Schüler;serpil83@example.com;26.06.2009;d
Käte;Bonbach;cjuncken@example.org;13.11.2006;f
Karl Heinz;Hornich;ingmar73@example.net;16.02.2010;d
Marleen;Spieß;harro55@example.net;28.12.2014;f
Dariusz;Karge;camillaernst@example.org;11.08.2018;f
Stefano;Jungfer;bheinz@example.org;29.07.2018;m
Simon;Tröst;wilhelm41@example.com;20.05.2009;d
Roy;Löffler;annika44@example.net;27.10.2018;d
Necati;Stahr;mikereuter@example.org;20.06.2015;d
Moritz;Schinke;heinsonguel@example.com;30.08.2010;d
Cäcilie;Schenk;gottlob14@example.net;15.06.2012;d
Janette;Hande;dobesfranz@example.com;12.06.2008;f
Grzegorz;Junken;constance77@example.org;22.06.2015;m
William;Heß;margareteditschlerin@example.com;04.10.2011;f
Evelyne;Zirme;sbecker@example.org;12.10.2013;f
Guntram;Albers;leyla41@example.com;15.04.2018;d
Francoise;Spieß;hofmannivo@example.com;24.01.2016;m
Krista;Steuer;manja82@example.com;02.05.2008;m
Hans-Jörg;Liebelt;knud50@example.com;21.03.2012;m
Dimitrios;Stey;helgaziegert@example.org;12.04.2015;f
Hans-Henning;Oderwald;fatih40@example.net;09.11.2008;f
Leonard;Schönland;adamschacht@example.com;24.03.2019;f
Ron;Kallert;oeigenwillig@example.com;16.07.2016;d
Leon;Wiek;lbenthin@example.net;14.08.2015;m
Mirco;Finke;immozahn@example.org;28.11.2006;m
Alicja;Hübel;tdoering@example.net;06.11.2017;f
Joseph;Weiß;kristiane44@example.org;02.08.2009;d
Benedikt;Jähn;dwagner@example.org;20.03.2009;m
Kay-Uwe;Geisler;hofmannmariechen@example.com;04.09.2018;m
Engin;Steinberg;egonpreiss@example.com;22.05.2007;d
Amelie;Reising;reinhardternst@example.net;29.08.2014;m
Jens-Uwe;Gutknecht;jacekbolander@example.com;16.07.2006;m
Janos;Barth;ernestine72@example.net;28.02.2010;f
Liliana;Roskoth;junkantonios@example.org;05.07.2016;d
Apollonia;Lorch;dschacht@example.net;28.01.2017;f
Dusan;Boucsein;korinna22@example.com;20.05.2012;d
Liesbeth;Hölzenbecher;tomislav60@example.com;30.10.2017;f
Nadin;Birnbaum;qwilms@example.org;26.08.2008;m
Gunther;Bohlander;traudeheydrich@example.net;28.12.2012;m
Christin;Steinberg;andree51@example.net;12.01.2007;m
Theobald;Kambs;vollbrechtanneli@example.com;29.07.2012;d
Burkhard;Stumpf;ivan-der-dussen@example.net;05.11.2009;d
Wencke;Hertrampf;knutsauer@example.net;04.09.2010;f
Doreen;Ebert;jochemgeisel@example.org;05.09.2006;f
